Organization Legal Name or 'Doing Business As' Name,Group Practice PAC ID,State,Participating in eRx,Participating in PQRS,Controlling blood sugar levels in patients with diabetes.,Footnote for measure DM 15,Controlling blood pressure in patients with diabetes.,Footnote for measure DM 13,Prescribing aspirin to patients with diabetes and heart disease.,Footnote for measure DM 16,Prescribing medicine to improve the pumping action of the heart in patients who have both heart disease and certain other conditions.,Footnote for measure CAD 7
HERITAGE VALLEY MEDICAL GROUP INC,0042105678,PA, ,Y,,.,,.,,.,,.
MAYO CLINIC HEALTH SYSTEM-OWATONNA,0042111981,MN, ,Y,81,.,89,.,94,.,97,.
LOUDOUN MEDICAL GROUP PC,0042119661,VA, ,Y,74,.,74,.,91,.,87,.
SAN DIEGO IMAGING MEDICAL GROUP INC,0143134353,CA, ,Y,,.,,.,,.,,.
"FACULTY PRACTICE FOUNDATION, INC BOSTON UNIV ORTHOPAEDIC SURGICAL",0143297655,MA, ,Y,,.,,.,,.,,.
"COLORADO CARDIOVASCULAR SURGICAL ASSOCIATES, P.C.",0143298786,CO, ,Y,,.,,.,,.,,.
CAROLINAEAST HEART CENTER,0143378117,NC, ,Y,,.,,.,,.,,.
AFFILIATED PATHOLOGY SERVICES PC,0244121143,NY, ,Y,,.,,.,,.,,.
NEWTON WELLESLEY AMBULATORY SERVICES,0244133494,MA, ,Y,,.,,.,,.,,.
PHYSICIAN ASSOCIATES LLC,0244135093,FL,Y, ,,.,,.,,.,,.
ADVENTIST ARTHRITIS CENTER,0244135762,IL, ,Y,,.,,.,,.,,.
W A FOOTE MEMORIAL HOSPITAL INC,0244136067,MI, ,Y,,.,,.,,.,,.
AFFINITY MEDICAL GROUP,0244142420,WI, ,Y,80,.,81,.,73,.,66,.
SANFORD CLINIC,0244143824,MN,Y,Y,75,.,70,.,100,.,86,.
INTERNAL MEDICINE ASSOCIATES OF LUDINGTON PC,0244200566,MI,Y, ,,.,,.,,.,,.
"COGENT HEALTHCARE OF CALIFORNIA, PC",0244239598,CA, ,Y,,.,,.,,.,,.
LANDM MEDICAL GROUP INC,0244373330,CT, ,Y,,.,,.,,.,,.
HEALTHTEXAS PROVIDER NETWORK,0345138889,TX,Y,Y,,.,,.,,.,,.
"STONY BROOK SURGICAL ASSOCIATES, UNIVERSITY FACULTY PRACTICE CORPORA",0345143749,NY, ,Y,,.,,.,,.,,.
UNITED MEDICAL ASSOC PC,0345144978,NY, ,Y,,.,,.,,.,,.
SUTTER WEST BAY MEDICAL FOUNDATION,0345145025,CA, ,Y,72,.,68,.,78,.,78,.
FLORIDA CLINICAL PRACTICE ASSOCIATION INC,0345146254,FL, ,Y,,.,,.,,.,,.
"MAYO CLINIC HEALTH SYSTEM - FRANCISCAN MEDICAL CENTER, INC.",0345152443,WI, ,Y,74,.,82,.,94,.,94,.
UNIVERSITY INTERNAL MEDICINE INC,0345275491,RI, ,Y,,.,,.,,.,,.
AMERIWOUND LLC,0345498853,OH, ,Y,,.,,.,,.,,.
"BOSTON UNIVERSITY FAMILY MEDICINE, INC.",0446154074,MA, ,Y,,.,,.,,.,,.
"CHARLOTTE EYE EAR NOSE AND THROAT ASSOCIATES, P.A.",0446155451,NC, ,Y,,.,,.,,.,,.
"USC CARE MEDICAL GROUP, INC",0446157747,CA, ,Y,41,.,63,.,84,.,65,.
"UNIVERSITY MEDICINE FOUNDATION, INC.",0446159776,RI, ,Y,,.,,.,,.,,.
UNIVERSITY OF WASHINGTON PHYSICIANS,0446162697,WA, ,Y,71,.,66,.,70,.,76,.
THE ADMINISTRATORS OF THE TULANE EDUCATIONAL FUND,0446163760,LA, ,Y,57,.,55,.,89,.,76,.
"INPATIENT CONSULTANTS OF NEVADA, INC. A MEDICAL CORPORATION",0446218051,NV, ,Y,,.,,.,,.,,.
IMMEDICENTER,0446230718,NJ, ,Y,,.,,.,,.,,.
ASSOCIATE PATHOLOGISTS OF JOLIET LTD,0446260855,IL, ,Y,,.,,.,,.,,.
"DEDICATED TO WOMEN OB-GYN, P.A.",0446290456,DE, ,Y,,.,,.,,.,,.
"BEAVER MEDICAL GROUP, L.P.",0547164295,CA, ,Y,75,.,65,.,,1,59,.
COUNTY OF MIDDLESEX,0547165904,NJ, ,Y,,.,,.,,.,,.
SPRINGFIELD CLINIC LLP,0547166076,IL, ,Y,,.,,.,,.,,.
SANFORD MAYVILLE,0547174880,ND,Y, ,,.,,.,,.,,.
HENRY FORD HEALTH SYSTEM,0547178311,MI,Y,Y,72,.,73,.,92,.,87,.
"SUBURBAN INTERNAL MEDICINE, INC.",0547203929,MA, ,Y,,.,,.,,.,,.
DERMATOLOGY ALLERGY GENERAL PHYSICIANS OF OHIO INC,0547244972,OH, ,Y,,.,,.,,.,,.
"THE DOCTOR IS IN, PA",0547246050,NJ, ,Y,,.,,.,,.,,.
ABOUTSKIN DERMATOLOGY AND DERMSURGERY PC,0547257552,CO, ,Y,,.,,.,,.,,.
"SPORTS MEDICINE NORTH ORTHOPAEDIC SURGERY, INC.",0547259095,MA, ,Y,,.,,.,,.,,.
PATHOLOGY ASSOCIATES OF MASON CITY,0648161067,IA, ,Y,,.,,.,,.,,.
BAPTIST PRIMARY CARE INC,0648177733,FL, ,Y,78,.,68,.,79,.,98,.
MEDICAL RESOURCE GROUP,0648180406,MI, ,Y,,.,,.,,.,,.
UNIVERSITY OF NORTH CAROLINA AT CHAPEL HILL,0648181156,NC,Y,Y,73,.,54,.,96,.,95,.
HOLY FAMILY MEMORIAL INC,0648183160,WI, ,Y,,.,,.,,.,,.
UNIVERSITY OF TEXAS SOUTHWESTERN MEDICAL CENTER AT DALLAS,0648188250,TX,Y,Y,69,.,63,.,93,.,91,.
"SOUTHCOAST PHYSICIANS GROUP, INC.",0749171957,MA,Y, ,,.,,.,,.,,.
"ROCKFORD ORTHOPEDIC ASSOCIATES, LTD.",0749183713,IL, ,Y,,.,,.,,.,,.
QUINCY MEDICAL GROUP,0749192375,MO,Y, ,,.,,.,,.,,.
ENT AND ALLERGY ASSOCIATES LLP,0749193662,NY, ,Y,,.,,.,,.,,.
"ST. LOUIS PHYSICAL THERAPY, LLC",0749251510,MO, ,Y,,.,,.,,.,,.
"PRIMARY CARE OF THE TREASURE COAST, INC.",0749275931,FL, ,Y,,.,,.,,.,,.
"CHESAPEAKE BAY AQUATIC AND PHYSICAL THERAPY, INC",0749319788,MD, ,Y,,.,,.,,.,,.
"INPATIENT CONSULTANTS OF OHIO, INC",0749357887,OH, ,Y,,.,,.,,.,,.
SHANNON CLINIC,0840103727,TX, ,Y,75,.,61,.,95,.,86,.
HOUSECALL PROVIDERS INC,0840196994,OR, ,Y,,.,,.,,.,,.
COLORADO SPRINGS HEALTH PARTNERS PC,0840198271,CO, ,Y,,.,,.,,.,,.
"DALTON MEDICAL ASSOCIATES, LLP",0840233219,MA, ,Y,,.,,.,,.,,.
GEORGIA CANCER SPECIALISTS,0840443164,GA, ,Y,,.,,.,,.,,.
ARNOT MEDICAL SERVICES PLLC,0840450748,NY,Y, ,,.,,.,,.,,.
LANCASTER GENERAL HEALTH PHYSICIANS SUSQUEHANNA FAMILY MEDICINE,0941103683,PA, ,Y,78,.,74,.,91,.,66,.
DURANGO ORTHOPEDIC ASSOCIATES INC,0941199830,CO, ,Y,,.,,.,,.,,.
WEST SHORE UROLOGY PC,0941215941,MI,Y, ,,.,,.,,.,,.
MUSKEGON SURGICAL ASSOCIATES PLC,0941262877,MI,Y, ,,.,,.,,.,,.
UROLOGY CENTERS OF ALABAMA PC,0941264345,AL, ,Y,,.,,.,,.,,.
KINSTON MEDICAL SPECIALISTS PA,0941283196,NC, ,Y,,.,,.,,.,,.
PATRICIA ROY D.O. PC,0941308639,MI,Y, ,,.,,.,,.,,.
"ASPIRUS CLINICS, INC.",1052223625,WI,Y,Y,75,.,69,.,93,.,66,.
SUTTER GOULD MEDICAL FOUNDATION,1052225976,CA, ,Y,76,.,77,.,84,.,73,.
INTEGRATED MEDICAL SERVICES INC,1052328408,AZ, ,Y,,.,,.,,.,,.
EPN HAMOT URGENT CARE LLC,1052443249,PA,Y, ,,.,,.,,.,,.
WOODLANDS MEDICAL SPECIALISTS P A,1052469681,AL, ,Y,,.,,.,,.,,.
UTAH PHYSICAL THERAPY SPECIALISTS,1052491636,UT, ,Y,,.,,.,,.,,.
THE HEART GROUP OF LANCASTER GENERAL HEALTH,1052507449,PA, ,Y,52,.,48,.,88,.,72,.
ERIE PHYSICIANS NETWORK UPMC INC,1052587268,PA,Y, ,,.,,.,,.,,.
"BENEFIS HOSPITALS, INC.",1153235296,MT, ,Y,,.,,.,,.,,.
SHORELINE ENT PC,1153413901,MI,Y, ,,.,,.,,.,,.
ST LOUIS PHYSICAL THERAPY,1153450515,MO, ,Y,,.,,.,,.,,.
"PROMEDICA GI PHYSICIANS, LLC",1153482682,OH,Y, ,,.,,.,,.,,.
HARTFORD HEALTHCARE MEDICAL GROUP,1153573902,CT,Y, ,,.,,.,,.,,.
"UNITED RADIOLOGY GROUP, CHARTERED",1254227671,KS, ,Y,,.,,.,,.,,.
MILL HILL MEDICAL CONSULTANTS,1254233836,CT, ,Y,,.,,.,,.,,.
LANCASTER GENERAL HOSPITAL,1254240039,PA, ,Y,73,.,72,.,81,.,63,.
BEACON MEDICAL GROUP INC,1254243306,IN, ,Y,,.,,.,,.,,.
"MCFARLAND CLINIC, PC",1254244239,IA,Y,Y,80,.,79,.,88,.,76,.
UUHC,1254244676,UT, ,Y,,.,,.,,.,,.
PROVISION LASER EYE CENTER PA,1254303670,FL, ,Y,,.,,.,,.,,.
INTERNIST ASSOCIATES OF IOWA,1355242496,IA,Y, ,,.,,.,,.,,.
PROHEALTH PHYSICIANS PC,1355246950,CT,Y, ,,.,,.,,.,,.
ALTRU HEALTH SYSTEM,1355251604,ND,Y,Y,75,.,77,.,97,.,82,.
BAYLOR HEALTH NETWORK,1355254210,TX,Y,Y,77,.,74,.,91,.,73,.
WEST WILSON FAMILY PRACTICE CENTER PC,1355319435,TN, ,Y,,.,,.,,.,,.
THE CORVALLIS CLINIC,1456244540,OR, , ,81,.,68,.,99,.,,2
WATSON CLINIC LLP,1456258979,FL, ,Y,77,.,64,.,68,.,80,.
"BOSTON UNIVERSITY OBSTETRICS AND GYNECOLOGY FOUNDATION, INC.",1456323153,MA, ,Y,,.,,.,,.,,.
"DIAGNOSTIC PATHOLOGY ASSOCIATES, LLP",1456323435,TX, ,Y,,.,,.,,.,,.
LRGHEALTHCARE,1456324649,NH, ,Y,,.,,.,,.,,.
ENT CAROLINA PA,1456363407,NC, ,Y,,.,,.,,.,,.
PHYSICIAN GROUP OF ARIZONA INC,1456439967,AZ, ,Y,,.,,.,,.,,.
WELLCARE PHYSICIANS GROUP LLC,1456442771,OH,Y, ,,.,,.,,.,,.
BRONSON HEALTHCARE MIDWEST,1456594316,MI, ,Y,81,.,79,.,,1,65,.
CHILD HEALTH FOUNDATION OF BOSTON INC,1557263340,MA, ,Y,,.,,.,,.,,.
FOND DU LAC REGIONAL CLINIC,1658289624,WI, ,Y,,.,,.,,.,,.
ESSE HEALTH,1658365572,IL, ,Y,,.,,.,,.,,.
LMG FAMILY PRACTICE P C,1759286172,PA,Y, ,,.,,.,,.,,.
VALLEY INTERNAL MEDICINE INC PS,1759288400,WA, ,Y,,.,,.,,.,,.
ALBANY MEDICAL COLLEGE,1759293111,NY, ,Y,,.,,.,,.,,.
"ESSEN MEDICAL ASSOCIATES,PC",1759353501,NY,Y, ,,.,,.,,.,,.
UNIVERSAL PAIN MANAGEMENT MEDICAL CORPORATION,1759369572,CA,Y, ,,.,,.,,.,,.
CLEVELAND CLINIC FOUNDATION,1850203555,OH,Y,Y,71,.,69,.,88,.,80,.
IHC HEALTH SERVICES INC,1850209420,UT,Y,Y,77,.,77,.,77,.,98,.
HOLY CROSS MEDICAL GROUP,1850298365,FL,Y,Y,73,.,74,.,70,.,55,.
CROUSE RADIOLOGY ASSOCIATES,1850387648,NY, ,Y,,.,,.,,.,,.
"INPATIENT CONSULTANTS OF DELAWARE, INC",1850472390,DE, ,Y,,.,,.,,.,,.
FAIRVIEW HEALTH SERVICES,1951213057,MN,Y,Y,81,.,81,.,99,.,89,.
"UNIVERSITY OF ALABAMA HEALTH SERVICES FOUNDATION, PC",1951213107,AL,Y,Y,65,.,62,.,89,.,65,.
WELLSPAN MEDICAL GROUP,1951213115,PA,Y,Y,80,.,76,.,95,.,83,.
INPATIENT CONSULTANTS OF MISSOURI INC,1951213578,MO, ,Y,,.,,.,,.,,.
MAIN LINE HEALTHCARE,1951215201,PA, ,Y,,.,,.,,.,,.
"BOSTON UNIVERSITY MALLORY PATHOLOGY ASSOCIATES, INC.",2062301807,MA, ,Y,,.,,.,,.,,.
HARVARD UNIVERSITY HEALTH SERVICES,2062303894,MA, ,Y,90,.,85,.,,1,,1
PARK PLACE BEHAVIORAL HEALTH CARE,2062313703,FL, ,Y,,.,,.,,.,,.
UPMC COMMUNITY MEDICINE INC,2062318975,PA,Y, ,,.,,.,,.,,.
JOINT REPLACEMENT INSTITUTE LLC,2062572720,FL, ,Y,,.,,.,,.,,.
ALAN C EGGE MD PC,2062598840,VA, ,Y,,.,,.,,.,,.
SUMMIT MEDICAL GROUP INC,2163326240,KY,Y,Y,,.,,.,,.,,.
NORTHSHORE UNIVERSITY HEALTHSYSTEM FACULTY PRACTICE ASSOCIATES,2163334699,IL,Y,Y,83,.,72,.,84,.,81,.
"HOSPITALISTS OF ARIZONA, INC",2163335290,AZ, ,Y,,.,,.,,.,,.
NORTHEAST COLON AND RECTAL SURGEONS,2163336967,IN,Y, ,,.,,.,,.,,.
"BOSTON UNIVERSITY MEDICAL CENTER OTOLARYNGOLOGIC FOUNDATION, INC.",2163409400,MA, ,Y,,.,,.,,.,,.
"CERTIFIED ALLERGY CONSULTANTS, PC",2163413808,NY,Y, ,,.,,.,,.,,.
CENTRAL INTERNAL MEDICINE PSC,2163483108,KY, ,Y,,.,,.,,.,,.
"STONY BROOK PATHOLOGISTS, UNIVERSITY FACULTY PRACTICE CORPORATION",2163502162,NY, ,Y,,.,,.,,.,,.
URGENT CARE @ ROBINWOOD,2163582974,MD, ,Y,,.,,.,,.,,.
SUSQUEHANNA PHYSICIAN SERVICES,2264336460,PA, ,Y,,.,,.,,.,,.
UNIVERSITY OF CINCINNATI PHYSICIANS COMPANY,2264344480,OH,Y,Y,71,.,75,.,92,.,69,.
"ASSOCIATED RETINAL CONSULTANTS, PC",2264344746,MI,Y, ,,.,,.,,.,,.
MARSHFIELD CLINIC,2264345206,WI,Y, ,,.,,.,,.,,.
"HOUSE CALL MEDICAL SERVICES OF NEW YORK, PLLC",2264517754,NY, ,Y,,.,,.,,.,,.
KENNESAW FAMILY PHYSICIANS,2264531383,GA,Y, ,,.,,.,,.,,.
"INPATIENT CONSULTANTS OF GEORGIA, INC",2264539618,GA, ,Y,,.,,.,,.,,.
PROMEDICA CENTRAL PHYSICIANS,2365348190,OH,Y, ,,.,,.,,.,,.
"SIU PHYSICIANS AND SURGEONS, INC",2365352820,IL,Y,Y,65,.,65,.,83,.,71,.
INTEGRIS AMBULATORY CARE CORPORATION,2365408465,TX, ,Y,,.,,.,,.,,.
COLLIER NEUROLOGIC EASE- BACK AND HEADACHE CLINIC,2365434487,FL, ,Y,,.,,.,,.,,.
INOVA HEALTH CARE SERVICES,2466351093,VA, ,Y,,.,,.,,.,,.
IHA HEALTH SERVICES CORPORATION,2466351440,MI, ,Y,80,.,76,.,92,.,76,.
MID-ATLANTIC FAMILY PRACTICE,2466354188,DE, ,Y,,.,,.,,.,,.
"EASTERN RADIOLOGIST, INC",2466355383,NC, ,Y,,.,,.,,.,,.
"MASSACHUSETTS GENERAL PHYSICIANS ORGANIZATION, INC",2466365820,MA,Y,Y,,.,,.,,.,,.
FACULTY PRACTICE FOUNDATION INC,2466421367,MA, ,Y,,.,,.,,.,,.
BRIELLE ORTHOPEDICS PA,2466446265,NJ, ,Y,,.,,.,,.,,.
"INOVA PHYSICIAN PARTNERS, INC.",2466581772,VA, ,Y,,.,,.,,.,,.
"MEDICAL PRACTICES OF ANTIETAM, LLC",2567353865,MD, ,Y,,.,,.,,.,,.
PRIMACARE PC,2567356017,MA, ,Y,,.,,.,,.,,.
"MILFORD MEDICAL ASSOCIATES, PA",2567363740,DE, ,Y,,.,,.,,.,,.
NORTHFIELD HOSPITAL,2567372998,MN, ,Y,,.,,.,,.,,.
DOSHI DIAGNOSTIC IMAGING SERVICES P.C.,2567375033,NY, ,Y,,.,,.,,.,,.
UT PHYSICIANS SPECIALTY SERVICES,2567544570,TX, ,Y,67,.,62,.,61,.,84,.
JACKSON CLINIC PA,2668376872,TN, ,Y,,.,,.,,.,,.
OHIO PHYSICIAN PROFESSIONAL CORPORATION,2668406059,OH, ,Y,,.,,.,,.,,.
"WINTHROP PEDIATRIC ASSOCIATES, P.C.",2668443201,NY, ,Y,,.,,.,,.,,.
ENT MEDICAL CENTER,2668450644,LA, ,Y,,.,,.,,.,,.
"THE LONGSTREET CLINIC, PC",2668465733,GA,Y,Y,84,.,72,.,91,.,81,.
"ADAMS INTERNISTS,P.C.",2668490608,MA, ,Y,,.,,.,,.,,.
"ASSOCIATED SPECIALISTS OF SOUTHEASTERN CONNECTICUT, INC.",2668552787,CT, ,Y,,.,,.,,.,,.
NORTH FLORIDA SURGEONS P. A.,2769381391,FL, ,Y,,.,,.,,.,,.
"CENTRAL OHIO PRIMARY CARE PHYSICIANS, INC.",2769383785,OH, ,Y,,.,,.,,.,,.
PHYSICIANS PRIMARY CARE OF SOUTHWEST FLORIDA PL,2769389675,FL, ,Y,,.,,.,,.,,.
BLESSINGCARE CORPORATION,2769420959,IL, ,Y,,.,,.,,.,,.
BOSTON UNIVERSITY PLASTIC SURGERY ASSOCIATES INC,2769459825,MA, ,Y,,.,,.,,.,,.
LITTLE RIVER HEALTHCARE,2769487115,TX, ,Y,,.,,.,,.,,.
BOARD OF REGENTS OF THE UNIVERSITY OF OKLAHOMA-OU PHYSICIANS,2860304334,OK,Y,Y,,.,,.,,.,,.
CAPITALCARE MEDICAL GROUP LLC,2860305802,NY, ,Y,,.,,.,,.,,.
TRI COUNTY EYE PHYSICIANS,2860393279,PA, ,Y,,.,,.,,.,,.
TIDEWATER PHYSICIANS MULTISPECIALTY GROUP,2860398526,VA, ,Y,,.,,.,,.,,.
NMPG,2860399698,IL,Y, ,,.,,.,,.,,.
YORK HOSPITAL,2961307467,PA, ,Y,65,.,77,.,95,.,,1
WICHITA CLINIC PA,2961314497,KS, ,Y,77,.,67,.,90,.,73,.
"UNIVERSITY PHYSICIANS AND SURGEONS, INC",2961315734,WV, ,Y,,.,,.,,.,,.
HEALTHTEXAS PROVIDER NETWORK,2961486089,TX, ,Y,81,.,80,.,92,.,83,.
RIVERSIDE MEDICAL CLINIC,2961492327,CA,Y,Y,75,.,66,.,72,.,82,.
"PREMIER PHYSICAL THERAPY AND SPORTS PERFORMANCE, LLC",2961505243,DE, ,Y,,.,,.,,.,,.
TEXARKANA REGIONAL HEALTHCARE NETWORK,2961540083,AR, ,Y,,.,,.,,.,,.
"NORTHEAST ARKANSAS CLINIC CHARITABLE FOUNDATION, INC.",2961547526,AR, ,Y,,.,,.,,.,,.
NORTH SHORE LIJ MEDICAL GROUP AT SYOSSET PC,2961687504,NY,Y, ,,.,,.,,.,,.
BLESSING HOSPITAL,3072422534,IL, ,Y,,.,,.,,.,,.
NAZARETH PRIMARY CARE,3072425123,PA, ,Y,67,.,74,.,82,.,67,.
"THE MONROE CLINIC, INC.",3072425495,WI, ,Y,,.,,.,,.,,.
TRINITY CLINIC PSYCHIATRY,3072426741,TX,Y,Y,76,.,65,.,76,.,83,.
"THE EAR, NOSE, AND THROAT CLINIC AND HEARING CENTER",3072518992,MN, ,Y,,.,,.,,.,,.
DURHAM NEPHROLOGY ASSOCIATES PA,3072589027,NC, ,Y,,.,,.,,.,,.
COAST RADIOLOGY AND MEDICAL IMAGING MEDICAL GROUP,3072599448,CA, ,Y,,.,,.,,.,,.
FRANCISCAN PHYSICIAN NETWORK,3072790682,IL, ,Y,,.,,.,,.,,.
ST JOHN HOSPITAL AND MEDICAL CENTER,3173424082,MI, ,Y,,.,,.,,.,,.
GULF COAST DERMATOLOGY AND SKIN CARE CENTRE,3173425121,AL,Y, ,,.,,.,,.,,.
AMERICAN HEALTH NETWORK OF OHIO PROFESSIONAL CORPORATION,3173427721,OH,Y, ,,.,,.,,.,,.
ANESCO NORTH BROWARD LLC,3173436094,FL, ,Y,,.,,.,,.,,.
QUALITY CARE MEDICAL CLINIC,3274428008,WA,Y, ,,.,,.,,.,,.
ABINGTON MEMORIAL HOSPITAL,3274437736,PA, , ,73,.,72,.,82,.,70,.
SCRIPPS PROTON THERAPY CENTER,3274446836,CA, ,Y,,.,,.,,.,,.
CAROLINA DERMATOLOGY GRP,3274557384,SC, ,Y,,.,,.,,.,,.
DOVER FAMILY PHYSICIANS PA,3274561980,DE, ,Y,,.,,.,,.,,.
TROY PATHOLOGY PLLC,3274590138,NY, ,Y,,.,,.,,.,,.
"UNIVERSITY OTOLARYNGOLOGY-HEAD AND NECK SURGERY, INC.",3274613930,RI,Y, ,,.,,.,,.,,.
CEPAMERICA ILLINOIS LLP,3274793633,IL, ,Y,,.,,.,,.,,.
UTMB FACULTY GROUP PRACTICE,3375456734,TX,Y,Y,74,.,59,.,89,.,95,.
MICHIANA HEMATOLOGY ONCOLOGY PC,3375513419,IN,Y,Y,,.,,.,,.,,.
TEXAS DIGESTIVE DISEASE CONSULTANTS,3375531379,TX, ,Y,,.,,.,,.,,.
NORTH SHORE - LIJ MEDICAL PC,3375701568,NY,Y,Y,73,.,73,.,89,.,75,.
"NORTHWEST COMMUNITY HEALTH SERVICES, INC",3375737331,IL, ,Y,,.,,.,,.,,.
THE PHYSICIAN NETWORK,3476453267,NE, ,Y,,.,,.,,.,,.
NEW LEXINGTON CLINIC PSC,3476457532,KY,Y,Y,72,.,71,.,70,.,64,.
ST VINCENT HEALTHCARE,3476457714,MT, ,Y,,.,,.,,.,,.
SAINT ALPHONSUS REGIONAL MEDICAL CENTER INC,3476462359,ID, ,Y,,.,,.,,.,,.
UNIVERSITY PHYSICIANS INCORPORATED,3476465667,CO, ,Y,77,.,66,.,97,.,94,.
EXTENDED CARE PHYSICIANS - MOUNTAIN PA,3476467945,NC,Y, ,,.,,.,,.,,.
GESSLER CLINIC PROFESSIONAL ASSOCIATION,3476545484,FL, ,Y,,.,,.,,.,,.
"UNIVERSITY OF LOUISVILLE PHYSICIANS, INC",3476725599,KY, ,Y,63,.,63,.,85,.,86,.
NORTH SHORE PHYSICIANS GROUP,3577467224,MA,Y,Y,,.,,.,,.,,.
REGENTS OF THE UNIVESITY OF CALIFORNIA - UCSD MEDICAL GROUP,3577476761,CA, ,Y,78,.,70,.,77,.,79,.
"DRS GOLDFARB, RANNO AND ASSOCIATES. LLC",3577512821,CT, ,Y,,.,,.,,.,,.
CARLE PHYSICIAN GROUP,3577515774,IL, ,Y,77,.,67,.,97,.,85,.
ST MARY'S RADIOLOGY MEDICAL GROUP,3577695675,CA, ,Y,,.,,.,,.,,.
GALEN INPATIENT PHYSICIANS INC,3678464633,CA, ,Y,,.,,.,,.,,.
"MEDICAL DOCTORS IMAGING, INC",3678468584,CA, ,Y,,.,,.,,.,,.
SANSUM CLINIC,3678471976,CA,Y,Y,,.,,.,,.,,.
THE MEDICAL CENTER OF CENTRAL GEORGIA INC.,3678477445,GA, ,Y,,.,,.,,.,,.
MOUNTAIN VIEW FAMILY PRACTICE AND OBSTETRICS,3678483377,MT, ,Y,67,.,71,.,96,.,86,.
SHORELINE OPHTHALMOLOGY PC,3678537628,MI,Y, ,,.,,.,,.,,.
"CARDIOVASCULAR ASSOCIATES OF THE SOUTHEAST, LLC",3678749702,AL, ,Y,,.,,.,,.,,.
FROEDTERT AND THE MEDICAL COLLEGE OF WISCONSIN COMMUNITY PHYSICIANS,3678760063,WI, ,Y,,.,,.,,.,,.
"FAMILY MEDICINE SPECIALISTS, P.C.",3779482633,IA, ,Y,,.,,.,,.,,.
MARY IMOGENE BASSETT HOSPITAL,3779488325,NY, ,Y,69,.,75,.,90,.,81,.
LOYOLA UNIV MEDICAL CENTER,3779488903,IL,Y,Y,71,.,69,.,98,.,91,.
"FLETCHER ALLEN HEALTH CARE, INC",3779491071,VT,Y, ,,.,,.,,.,,.
REGENTS OF THE UNIVERSITY OF MICHIGAN,3779496856,MI,Y,Y,73,.,70,.,93,.,91,.
"REGAL MEDICAL GROUP, INC.",3779529979,CA,Y, ,,.,,.,,.,,.
NORTON SHORES INTERNAL MEDICINE AND NEPHROLOGY PLC,3779637194,MI,Y, ,,.,,.,,.,,.
HOSPITALIST MEDICINE PHYSICIANS OF OHIO PC,3779749197,OH, ,Y,,.,,.,,.,,.
BRIGHAM AND WOMENS PHYSICIANS ORGANIZATION INC,3870405988,MA, ,Y,,.,,.,,.,,.
BAYSIDE HEALTH ASSOCIATION,3870488901,DE, ,Y,,.,,.,,.,,.
GROUP HEALTH COOPERATIVE OF SOUTH CENTRAL WISCONSIN,3870489586,WI, ,Y,,.,,.,,.,,.
"MEDICAL ASSOCIATES CLINIC, P.C.",3870491228,IL, ,Y,80,.,84,.,95,.,43,.
BROCKTON NEIGHBORHOOD HEALTH CENTER,3870491699,MA, ,Y,,.,,.,,.,,.
FIVE VALLEYS UROLOGY,3870497571,MT,Y, ,,.,,.,,.,,.
"PULMONARY ASSOCIATES OF MOBILE, P.C.",3870571912,AL, ,Y,,.,,.,,.,,.
CARROLL HEALTH GROUP LLC,3870627029,MD,Y, ,,.,,.,,.,,.
HARBORVIEW MEDICAL CENTER,3971404716,WA, ,Y,64,.,65,.,73,.,85,.
DICKSON MEDICAL ASSOCIATES PC,3971408774,TN, ,Y,,.,,.,,.,,.
"STONY BROOK DERMATOLOGY ASSOCIATES, UNIVERSITY FACULTY PRACTICE CORP",3971493206,NY, ,Y,,.,,.,,.,,.
NORTH SHORE LONG ISLAND JEWISH HEALTH CARE INC,3971531039,NY,Y,Y,75,.,77,.,91,.,59,.
UC IRVINE HOSPITALIST PROGRAM,3971609611,CA, ,Y,,.,,.,,.,,.
PROMEDICA GENITO URINARY SURGEONS LLC,3971757238,OH,Y, ,,.,,.,,.,,.
SOUTHERN ORTHOPEDIC SPECIALISTS P A,4082511001,FL, ,Y,,.,,.,,.,,.
THE IOWA CLINIC PC,4082513742,IA,Y,Y,81,.,83,.,91,.,85,.
GERIATRIC SERVICES PC,4082518238,NY,Y, ,,.,,.,,.,,.
CANCER AND HEMATOLOGY CENTERS OF WESTERN MICHIGAN PC,4082526793,MI,Y, ,,.,,.,,.,,.
"MEDICAL FACULTY ASSOCIATES, INC",4082528898,DC,Y,Y,68,.,61,.,87,.,88,.
UNIVERSITY OF ARKANSAS FOR MEDICAL SCIENCES,4082528955,AR,Y, ,,.,,.,,.,,.
"EAST TEXAS EYE CENTER, P.A.",4082655824,TX, ,Y,,.,,.,,.,,.
"CHARLESTON ENT ASSOCIATES, LLC",4082662234,SC, ,Y,,.,,.,,.,,.
PARTNERS PHYSICIAN GROUP,4183529340,OH, , ,,3,,3,,3,83,.
"SPECIALTY PHYSICIANS OF ILLINOIS, LLC",4183529456,IL, ,Y,,.,,.,,.,,.
DARTMOUTH-HITCHCOCK CLINIC,4183537509,NH,Y, ,,.,,.,,.,,.
INFECTIOUS DISEASE CONSULTANTS PA,4183615081,DE, ,Y,,.,,.,,.,,.
THE READING HOSPITAL MEDICAL GROUP,4183623085,PA, ,Y,,.,,.,,.,,.
"PROMEDICA SOUTH PHYSICIANS, LLC",4183690571,OH,Y, ,,.,,.,,.,,.
SAN FRANCISCO OTOLARYNGOLOGY MEDICAL GROUP INC,4183703853,CA, ,Y,,.,,.,,.,,.
ST LOUIS PHYSICAL THERAPY,4183728215,MO, ,Y,,.,,.,,.,,.
EDWARD HEALTH VENTURES,4284531484,IL, ,Y,81,.,82,.,89,.,78,.
"PALO ALTO MEDICAL FOUNDATION FOR HEALTH CARE, RESEARCH AND EDUCATION",4284538778,CA, ,Y,79,.,73,.,91,.,91,.
VALLEY MEDICAL CENTER PLLC,4284539362,ID, ,Y,,.,,.,,.,,.
"UMASS MEMORIAL MEDICAL GROUP, INC.",4284539891,CT, ,Y,,.,,.,,.,,.
CLARKSON FAMILY MEDICINE,4284544461,NE, ,Y,,.,,.,,.,,.
SANFORD CLINIC NORTH,4284546151,MN,Y,Y,79,.,85,.,95,.,80,.
TANNER CLINIC,4284547985,UT, ,Y,,.,,.,,.,,.
BELLINGHAM UROLOGY SPECIALISTS PLLC,4284730714,WA, ,Y,,.,,.,,.,,.
TEXAS HEALTH PHYSICIANS GROUP,4385535954,TX, ,Y,,.,,.,,.,,.
MCV PHYSICIANS,4385542117,VA, ,Y,65,.,55,.,89,.,84,.
MAYO CLINIC HEALTH SYSTEM-ALBERT LEA AND AUSTIN,4385556703,IA, ,Y,71,.,79,.,94,.,89,.
WINCHESTER PHYSICIAN ASSOCIATES,4486540994,MA,Y, ,,.,,.,,.,,.
SWEDISH COVENANT MEDICAL GROUP,4486556016,IL, ,Y,,.,,.,,.,,.
MARY HITCHCOCK MEMORIAL HOSPITAL,4486561164,NH,Y, ,,.,,.,,.,,.
EAR NOSE AND THROAT CENTER A MEDICAL CORPORATION,4486629540,LA, ,Y,,.,,.,,.,,.
"MONTVILLE FAMILY PRACTICE ASSOCIATES, PA",4486640786,NJ,Y, ,,.,,.,,.,,.
SJHMC PHYSICIAN SERVICES C/O CATHOLIC HEALTHCARE WEST,4486646197,AZ,Y, ,,.,,.,,.,,.
"BANDERA FAMILY HEALTH CARE, P. A.",4486655701,TX, ,Y,,.,,.,,.,,.
METHODIST PRIMARY CARE ASSOCIATES,4486711744,TX, ,Y,,.,,.,,.,,.
CLINIC REGIONAL PHYSICIANS LLC,4486714961,OH,Y,Y,49,.,71,.,90,.,83,.
UNIVERSITY PHYSICIANS SPECIALTY CARE ASSOCIATES,4486759560,MO,Y,Y,68,.,66,.,94,.,85,.
CAROLINA FAMILY CARE INC,4587557731,SC, ,Y,82,.,63,.,44,.,83,.
SPECTRUM HEALTH PRIMARY CARE PARTNERS,4587568647,MI,Y, ,,.,,.,,.,,.
"OSU PATHOLOGY SERVICES, LLC",4587569983,OH, ,Y,,.,,.,,.,,.
PEACE HARBOR MEDICAL CENTER,4587573001,OR, ,Y,,.,,.,,.,,.
ALLINA HEALTH SYSTEM,4587573613,MN,Y,Y,81,.,91,.,99,.,76,.
NORTHWESTERN MEDICAL FACULTY FOUNDATION,4587576814,IL,Y,Y,71,.,66,.,52,.,91,.
HUNTINGTON MEDICAL FOUNDATION,4587631601,CA, ,Y,,.,,.,,.,,.
MAYO CLINIC HEALTH SYSTEM-MANKATO,4688585771,MN, ,Y,85,.,92,.,99,.,90,.
"PREMIER CARDIOVASCULAR CENTER, PLC",4688716889,AZ, ,Y,,.,,.,,.,,.
"ORTHOPEDIC INSTITUTE OF NEWPORT BEACH, LP",4688826688,CA, ,Y,,.,,.,,.,,.
ST JOSEPHS MEDICAL PC,4688855844,NY, ,Y,,.,,.,,.,,.
WESTERN CONNECTICUT MEDICAL GROUP  PC,4789597691,CT, ,Y,,.,,.,,.,,.
IPC OF FLORIDA,4789614785,FL, ,Y,,.,,.,,.,,.
"PULMONARY DISEASE SPECIALISTS, PA",4789648072,FL, ,Y,,.,,.,,.,,.
"CHESAPEAKE UROLOGY ASSOCIATES, PA",4789673393,MD, ,Y,,.,,.,,.,,.
UNIVERSITY HOSPITALS MEDICAL GROUP INC,4789682493,OH,Y, ,,.,,.,,.,,.
EXTENDED CARE PHYSICIANS PIEDMONT PA,4789789058,NC,Y, ,,.,,.,,.,,.
PHYSICIANS CLINIC INC,4880506062,IA, ,Y,,.,,.,,.,,.
CAPITAL WOMENS CARE LLC,4880582741,MD, ,Y,,.,,.,,.,,.
UNIVERSITY OF VIRGINIA PHYSICIANS GROUP,4880590728,VA,Y,Y,69,.,66,.,97,.,97,.
"CHS PROFESSIONAL PRACTICE, P.C.",4880591288,NJ, ,Y,,.,,.,,.,,.
REGIONAL HEALTH SERVICES INC,4880593722,PA,Y, ,,.,,.,,.,,.
TMHPO NEUROLOGY DEPARTMENT,4880670108,TX, ,Y,,.,,.,,.,,.
TRI PA,4880675347,KS, ,Y,,.,,.,,.,,.
AUSTIN VEIN CENTER,4880686179,TX, ,Y,,.,,.,,.,,.
"CARDIOLOGY ASSOCIATES OF SUSSEX COUNTY, LLP",4880687953,NJ,Y, ,,.,,.,,.,,.
UNIVERSITY PROFESSIONAL SERVICES,4880760107,OR,Y,Y,71,.,70,.,81,.,92,.
PINE REST CHRISTIAN MENTAL HEALTH SERVICES,4981506508,MI, ,Y,,.,,.,,.,,.
WHITE PLAINS HOSPITAL MEDICAL CENTER,4981593092,NY, ,Y,,.,,.,,.,,.
"PROMEDICA NORTHWEST OHIO CARDIOLOGY CONSULTANTS, LLC",4981752938,MI,Y, ,,.,,.,,.,,.
UNM MEDICAL GROUP INC,4981795267,NM,Y,Y,62,.,70,.,88,.,91,.
STROKE AND NEUROVASCULAR CENTER OF CENTRAL CALIFORNIA,4981875564,CA, ,Y,,.,,.,,.,,.
"PROMEDICA MONROE CARDIOLOGY, PLLC",4981885183,MI,Y, ,,.,,.,,.,,.
EMERGENCY PHYSICIANS OF TIDEWATER,5092618462,VA, ,Y,,.,,.,,.,,.
TOWN MEDICAL ASSOCIATES,5092751842,NJ, ,Y,,.,,.,,.,,.
OCILLA PRIMARY CARE,5193619971,GA, ,Y,,.,,.,,.,,.
"PARK AVENUE MEDICAL ASSOCIATES, P.C.",5193626745,NY,Y, ,,.,,.,,.,,.
HATTIESBURG CLINIC PA,5193706794,MS,Y,Y,69,.,64,.,95,.,84,.
SOUTHERN DELAWARE MEDICAL GROUP,5193725588,DE, ,Y,,.,,.,,.,,.
COLORADO PULMONARY INTENSIVISITS PC,5193726826,CO, ,Y,,.,,.,,.,,.
LARCHMONT IMAGING ASSOCIATES LLC,5193762433,NJ, ,Y,,.,,.,,.,,.
HEALTHTEXAS PROVIDER NETWORK,5193774479,TX,Y, ,,.,,.,,.,,.
MCCLELLANVILLE FAMILY MEDICINE,5193874824,SC, ,Y,74,.,67,.,83,.,84,.
NEWTON MEDICAL CENTER,5294646477,KS, ,Y,,.,,.,,.,,.
INDIANA HEALTHCARE PHYSICIAN SERVICES INC,5294723359,PA, ,Y,,.,,.,,.,,.
VASCULAR VEIN CENTERS,5294796132,FL, ,Y,,.,,.,,.,,.
GASTROINTESTINAL SPECIALISTS INC,5294797957,VA, ,Y,,.,,.,,.,,.
SUMMIT MEDICAL GROUP PA,5395642276,NJ,Y, ,,.,,.,,.,,.
WEST MICHIGAN NEPHROLOGY PC,5395642953,MI,Y, ,,.,,.,,.,,.
GEISINGER CLINIC,5395657001,PA,Y,Y,70,.,83,.,96,.,70,.
RETINA ASSOCIATES SOUTHWEST PC,5395731889,AZ,Y, ,,.,,.,,.,,.
VENTURA COUNTY PULMONARY MEDICAL GROUP,5395772537,CA, ,Y,,.,,.,,.,,.
"EYE CENTER OF NORTHERN COLORADO, P.C.",5496644841,CO, ,Y,,.,,.,,.,,.
"OSU INTERNAL MEDICINE, LLC",5496651408,OH,Y,Y,45,.,71,.,84,.,67,.
COTTON-O'NEIL CLINIC REVOCABLE TRUST,5496659195,KS,Y,Y,76,.,67,.,93,.,82,.
DU PAGE MEDICAL GROUP LTD,5496667941,IL,Y,Y,83,.,76,.,92,.,87,.
VIRGINIA NEUROLOGY AND SLEEP CENTER PC,5496849358,VA, ,Y,,.,,.,,.,,.
"INOVA PHYSICIAN PARTNERS, INC. - SPECIALISTS",5496935231,VA, ,Y,,.,,.,,.,,.
HUTCHINSON CLINIC P A INC,5597658492,KS, ,Y,,.,,.,,.,,.
TRI STATE OBSTETRICS AND GYNECOLOGY,5597659334,PA, ,Y,,.,,.,,.,,.
"BAYVIEW PHYSICIAN SERVICES, PC",5597664201,VA, ,Y,,.,,.,,.,,.
"MANKATO CLINIC, LTD.",5597677955,MN, ,Y,79,.,86,.,100,.,84,.
SANFORD BEMIDJI MEDICAL CENTER,5597725168,MN,Y,Y,71,.,89,.,100,.,86,.
"NORTH ALABAMA ENT ASSOCIATES, P.C.",5597744748,AL, ,Y,,.,,.,,.,,.
"RELIANT MEDICAL GROUP, INC",5597755322,MA,Y, ,,.,,.,,.,,.
ROBERT WOOD JOHNSON PHYSICIAN ENTERPRISE,5597917633,NJ, ,Y,,.,,.,,.,,.
TOWER MULTI-SPECIALTY MEDICAL GROUP,5597929331,CA, ,Y,,.,,.,,.,,.
EVMS HEALTH SERVICES,5698675510,VA,Y,Y,,.,,.,,.,,.
MAYO CLINIC JACKSONVILLE,5698689297,FL, ,Y,84,.,79,.,100,.,95,.
"KENTUCKY MEDICAL SERVICES FOUNDATION, INC",5698689909,KY, ,Y,59,.,52,.,93,.,74,.
MOUNT SINAI BROOKLYN HEIGHTS MEDICAL GROUP,5698913911,NY, ,Y,,.,,.,,.,,.
"WASHINGTON COUNTY INTERNAL MEDICINE, P.C.",5799671855,GA,Y, ,,.,,.,,.,,.
ST VINCENT HOSPITAL-HOSPITAL SISTERS-THIRD ORDER OF ST FRANCIS,5799694675,WI, ,Y,,.,,.,,.,,.
SWEDISHAMERICAN HOSPITAL,5799698346,IL, ,Y,,.,,.,,.,,.
ANDOVER ORTHOPAEDIC SURGERY AND SPORTS MEDICINE PA,5799756235,NJ,Y, ,,.,,.,,.,,.
"BRUCE E. WARDLE', D.O, P.A.",5799769477,TX, ,Y,,.,,.,,.,,.
MILLENNIUM MEDICAL IMAGING PC,5799776910,NY, ,Y,,.,,.,,.,,.
LAKESHORE DERM AND LASER CENTER PLC,5799793006,MI,Y, ,,.,,.,,.,,.
SURGICAL CLINIC P A,5799881082,TX, ,Y,,.,,.,,.,,.
BIMC FACULTY PRACTICE,5799888392,NY, ,Y,54,.,46,.,25,.,76,.
SJMC PHYSICIAN SERVICES,5799932190,TX, ,Y,,.,,.,,.,,.
CARDIOVASCULAR ASSOCIATES,5799970281,TN,Y, ,,.,,.,,.,,.
HOLZER CLINIC LLC,5890606008,OH, ,Y,70,.,72,.,87,.,67,.
ST JOHN MEDICAL CENTER,5890689293,WA, ,Y,,.,,.,,.,,.
EISENHOWER MEDICAL CENTER,5890689657,CA, ,Y,,.,,.,,.,,.
HOUSTON DERMATOLOGY ASSOCIATES PA,5890721294,TX, ,Y,,.,,.,,.,,.
PHYSICIANS OF UNIVERSITY HOSPITAL PC,5890877542,NY, , ,55,.,73,.,86,.,76,.
SCOTTSDALE HEALTHCARE PRIMARY CARE SHEA,5991603110,AZ, ,Y,,.,,.,,.,,.
ST FRANCIS HOSPITAL,5991604753,MI, ,Y,,.,,.,,.,,.
PHYSICIANS ALLIANCE LTD.,5991619892,PA,Y, ,,.,,.,,.,,.
"INPATIENT CONSULTANTS OF NORTH CAROLINA, PC",5991720591,NC, ,Y,,.,,.,,.,,.
PULMONARY CLINIC OF THE CAROLINAS PC,6002041464,NC,Y, ,,.,,.,,.,,.
UNMC PHYSICIANS,6002728391,IA,Y,Y,69,.,67,.,67,.,61,.
NORTHWEST EYE SURGEONS,6002728532,WA, ,Y,,.,,.,,.,,.
GUTHRIE MEDICAL GROUP PC,6002728656,PA,Y,Y,71,.,69,.,94,.,86,.
BILLINGS CLINIC,6002993516,MT,Y, ,,.,,.,,.,,.
UNIVERSITY MEDICAL CENTER,6103724489,AL, ,Y,,.,,.,,.,,.
TALLAHASSEE MEMORIAL HEALTHCARE INC,6103724778,FL, ,Y,,.,,.,,.,,.
SOUTHWEST MEDICAL ASSOCIATES INC.,6103730544,NV, ,Y,,.,,.,,.,,.
HERITAGE VICTOR VALLEY MEDICAL GROUP,6103730569,CA,Y, ,,.,,.,,.,,.
NORTH MISSISSIPPI MEDICAL CLINICS INC,6103736665,AL, ,Y,,.,,.,,.,,.
MERCY HOSPITAL,6103737812,ME, ,Y,,.,,.,,.,,.
CALIFORNIA EMERGENCY PHYSC MED GRP,6103739131,CA, ,Y,,.,,.,,.,,.
SCHENECTADY PATHOLOGY ASSOCIATES PC,6103976980,NY, ,Y,,.,,.,,.,,.
SOUTHWEST PULMONARY ASSOCIATES,6204733165,TX, ,Y,,.,,.,,.,,.
INPATIENT CONSULTANTS OF COLORADO PC,6204748452,CO, ,Y,,.,,.,,.,,.
HEALTHTEXAS-DALLAS DIAGNOSTIC ASSOCIATION,6204817398,TX,Y,Y,81,.,67,.,88,.,65,.
CAPITAL REGION PATHOLOGISTS PC,6204884125,NY, ,Y,,.,,.,,.,,.
"ST VINCENTS MULTISPECIALTY GROUP, INC",6204977218,CT, ,Y,,.,,.,,.,,.
INTERCOASTAL MEDICAL GROUP INC,6305730912,FL, ,Y,,.,,.,,.,,.
MUSC PHYSICIANS,6305758574,SC, ,Y,70,.,61,.,42,.,84,.
PROMEDICA EAST PHYSICIANS,6305820994,OH,Y, ,,.,,.,,.,,.
"ADVANTAGE PHYSICAL THERAPY ASSOCIATES, LLC",6305891219,PA, ,Y,,.,,.,,.,,.
EVERETT CLINIC INC,6406752153,WA,Y,Y,75,.,77,.,83,.,93,.
WESTMED MEDICAL GROUP PC,6406752963,CT,Y, ,,.,,.,,.,,.
"ASPIRUS WAUSAU HOSPITAL, INC",6406757442,WI,Y,Y,83,.,82,.,96,.,68,.
RADIOLOGY IMAGING ASSOCIATES AT STERLING,6406826726,VA, ,Y,,.,,.,,.,,.
BETTER YOURSELF PHYSICAL THERAPY P.C.,6406995935,NY, ,Y,,.,,.,,.,,.
MAYO CLINIC,6507778255,MN, ,Y,75,.,77,.,99,.,93,.
"MAYO CLINIC HEALTH SYSTEM - EAU CLAIRE CLINIC, INC",6507779220,WI, ,Y,79,.,78,.,97,.,91,.
MASSACHUSETTS GENERAL HOSPITAL,6507803806,MA,Y, ,,.,,.,,.,,.
"FOX VALLEY ORTHOPAEDIC ASSOCIATES, S.C.",6507830387,IL, ,Y,,.,,.,,.,,.
IMMEDICENTER TOTOWA,6507851359,NJ, ,Y,,.,,.,,.,,.
ZUHDI TRANSPLANT PHYSICIANS,6507873403,OK, ,Y,,.,,.,,.,,.
"WHEATON FRANCISCAN MEDICAL GROUP-SUSSEX, INC.",6507877891,WI, ,Y,,.,,.,,.,,.
PRIMED  LLC,6608764394,CT,Y, ,,.,,.,,.,,.
"BOSTON UNIVERSITY NEUROLOGY ASSOCIATES, INC.",6608772462,MA, ,Y,,.,,.,,.,,.
UW MEDICAL FOUNDATION,6608785464,WI,Y, ,,.,,.,,.,,.
"RESPIRATORY HEALTH AND CRITICAL CARE ASSOCIATES, LLC",6608821913,NJ,Y, ,,.,,.,,.,,.
"TALLAHASSEE EAR, NOSE AND THROAT-HEAD AND NECK SURGERY, P.A.",6608858840,FL, ,Y,,.,,.,,.,,.
PHYSICAL THERAPY OUTPATIENT CLINIC,6608896170,AL, ,Y,,.,,.,,.,,.
HRP LABS,6608959804,PR, ,Y,,.,,.,,.,,.
"WELLSTAR MEDICAL GROUP, LLC",6709065402,GA,Y, ,,.,,.,,.,,.
PIKEVILLE MEDICAL CENTER INC,6709790157,KY, ,Y,,.,,.,,.,,.
ST LUKE'S PHYSICIAN GROUP INC,6709798333,PA, ,Y,69,.,70,.,71,.,77,.
INPATIENT CONSULTANTS OF MICHIGAN PC,6709891286,MI, ,Y,,.,,.,,.,,.
"INPATIENT CONSULTANTS OF ALABAMA, INC",6709983422,AL, ,Y,,.,,.,,.,,.
"IPC HOSPITALISTS OF NEW MEXICO, INC",6800051509,NM, ,Y,,.,,.,,.,,.
"ADVANCED CARDIOLOGY ASSOCIATES, PC",6800058199,MI, ,Y,,.,,.,,.,,.
SANFORD HEALTH NETWORK,6800707100,MN,Y,Y,83,.,72,.,100,.,89,.
WOOSTER CLINIC LLC,6800708124,OH,Y,Y,74,.,76,.,89,.,76,.
UNIVERSITY MEDICAL SERVICE ASSOCIATION INC,6800790221,FL, ,Y,,.,,.,,.,,.
LOWELL FAMILY MEDICAL CENTER,6800855586,MI, ,Y,,.,,.,,.,,.
PHYSICANS CLINIC AT MHG,6800961749,MS, ,Y,,.,,.,,.,,.
"PULMONARY MEDICAL ASSOCIATES, LLP",6901852979,NJ,Y, ,,.,,.,,.,,.
"ORTHOPEDICSNY,LLP",6901898170,NY, ,Y,,.,,.,,.,,.
"NORTHEAST GEORGIA PHYSICIANS GROUP, INC.",6901898386,GA, ,Y,83,.,67,.,82,.,65,.
CENTER FOR PRENATAL DIAGNOSIS,7012047640,IN, ,Y,69,.,70,.,73,.,69,.
HEARTWELL LLP,7012065329,FL,Y,Y,,.,,.,,.,,.
LENOX HILL HOSPITAL MEDICAL PC,7012188568,NY,Y, ,,.,,.,,.,,.
BOSTON UNIVERSITY DERMATOLOGY INC,7012803919,MA, ,Y,,.,,.,,.,,.
"COMMUNITY MEDICAL ASSOCIATES, INC.",7012811284,IN, ,Y,,.,,.,,.,,.
MAYO CLINIC ARIZONA,7012829930,AZ, ,Y,75,.,69,.,92,.,97,.
PROMEDICA CORPORATION OF MICHIGAN,7012902265,MI,Y, ,,.,,.,,.,,.
"RADIOLOGY ASSOCIATES OF BURLINGTON COUNTY, P.A.",7012954381,NJ, ,Y,,.,,.,,.,,.
SIMMONDS MARTIN AND HELMBRECHT CHARTERED,7012985492,MD, ,Y,,.,,.,,.,,.
"FAMILY PRACTICE ASSOCIATES, PA",7012985641,DE, ,Y,,.,,.,,.,,.
FRISBIE MEMORIAL HOSPITAL,7012996275,NH, ,Y,80,.,80,.,92,.,75,.
FAIRVIEW CLINICS - ST FRANCIS,7113830142,MN,Y,Y,81,.,86,.,99,.,92,.
ST. LUKE'S HOSPITAL ASSOCIATION OF DULUTH,7113834839,WI, ,Y,,.,,.,,.,,.
"INTERNAL MEDICINE ASSOCIATES, P.A.",7113914458,DE, ,Y,,.,,.,,.,,.
CLINICAL PATHOLOGY ASSOCIATES,7113942798,TX, ,Y,,.,,.,,.,,.
"ACUTE CARE SURGERY MEDICAL GROUP, INC.",7214006816,CA, ,Y,,.,,.,,.,,.
IPC HOSPITALIST SERVICES OF NEW YORK PC,7214189224,NY, ,Y,,.,,.,,.,,.
"WKQ, INC",7214195395,MI,Y, ,,.,,.,,.,,.
MOUNT VERNON REHABILITATION MEDICINE ASSOCIATES,7214828086,VA, ,Y,,.,,.,,.,,.
TEXAS HEALTH CARE PLLC,7214840867,TX,Y, ,,.,,.,,.,,.
SPORTSMED ORTHOPAEDIC SPECIALISTS,7214903723,AL, ,Y,,.,,.,,.,,.
ORTHOPAEDIC ASSOCIATES OF MUSKEGON PC,7214908045,MI,Y, ,,.,,.,,.,,.
BEND MEMORIAL CLINIC PC,7214936533,OR, ,Y,,.,,.,,.,,.
"DERMATOLOGIST MEDICAL GROUP OF NORTH COUNTY, INC",7315849981,CA, ,Y,,.,,.,,.,,.
PROMED HEALTHCARE,7315856077,MI, ,Y,,.,,.,,.,,.
SOUTHEASTERN REGIONAL MEDICAL CENTER,7315857141,NC, ,Y,,.,,.,,.,,.
ST JOHN MACOMB OAKLAND HOSPITAL,7315859725,MI, ,Y,,.,,.,,.,,.
HEALTH FIRST MEDICAL GROUP LLC,7416100672,FL, ,Y,,.,,.,,.,,.
DCHS MEDICAL FOUNDATION - MCKEE,7416119110,CA, ,Y,,.,,.,,.,,.
ILLINOIS COLLEGE OF OPTOMETRY,7416851639,IL, ,Y,,.,,.,,.,,.
MHS PHYSICIAN SERVICES,7416860440,WI,Y,Y,78,.,75,.,86,.,85,.
LANGHORNE PHYSICIAN SERVICES,7416861885,PA, ,Y,,.,,.,,.,,.
REGENTS OF THE UNIVERSITY OF CALIFORNIA,7416869516,CA, ,Y,,.,,.,,.,,.
DIAGNOSTIC IMAGING CENTERS PA,7416926613,KS, ,Y,,.,,.,,.,,.
EVANS MEDICAL FOUNDATION,7416946546,MA, ,Y,,.,,.,,.,,.
BRAIN AND SPINE IMAGING CENTER,7517854367,WA, ,Y,,.,,.,,.,,.
"CONNECTICUT MULTISPECIALTY GROUP, PC",7517863749,CT, ,Y,,.,,.,,.,,.
LAKESIDE COMMUNITY HEALTHCARE,7618005166,CA,Y, ,,.,,.,,.,,.
MID-ILLINOIS HEMATOLOGY ONCOLOGY ASSOCIATES LTD,7618039470,IL, ,Y,,.,,.,,.,,.
"NORTH SHORE LIJ MEDICAL GROUP AT NORTH NASSAU, PC",7618154550,NY,Y, ,,.,,.,,.,,.
INPATIENT CONSULTANTS OF CALIFORNIA INC,7618861501,CA, ,Y,,.,,.,,.,,.
"LEXINGTON COUNTY HEALTH SERVICES DISTRICT, INC.",7618871799,SC, ,Y,,.,,.,,.,,.
"BOSTON UNIVERSITY NEUROSURGICAL ASSOCIATES, INC.",7618876798,MA, ,Y,,.,,.,,.,,.
GI SPECIALISTS,7618881905,KS,Y, ,,.,,.,,.,,.
STATE UNIVERSITY OF IOWA,7618884230,IA,Y, ,,.,,.,,.,,.
RHPN ALL ABOUT WOMEN,7618889213,PA, ,Y,,.,,.,,.,,.
SIGNATURE MEDICAL GROUP,7719876267,MA, ,Y,72,.,78,.,80,.,76,.
OHIO ENT,7719881960,OH, ,Y,,.,,.,,.,,.
PACIFIC SPORTS MEDICINE,7719899897,WA,Y,Y,77,.,75,.,94,.,91,.
DIGNITY HEALTH MEDICAL FOUNDATION,7810800661,CA,Y,Y,0,.,69,.,76,.,98,.
DUBUQUE INTERNAL MEDICINE PC,7810805058,IA,Y, ,,.,,.,,.,,.
"INPATIENT CONSULTANTS OF TEXAS, PLLC",7810809225,TX, ,Y,,.,,.,,.,,.
ASSOCIATED SURGEONS OF SAN LUIS OBISPO,7810949989,CA, ,Y,,.,,.,,.,,.
IMMEDICENTER BLOOMFIELD,7810974557,NJ, ,Y,,.,,.,,.,,.
FACULTY PRACTICE FOUNDATION INC BOSTON UNIV PSYCHIATRY ASSOC INC,7911805361,MA, ,Y,,.,,.,,.,,.
CLEVELAND CLINIC FLORIDA,7911807128,FL,Y,Y,77,.,65,.,83,.,82,.
ST. PETERS COMMUNITY HOSPITAL,7911814926,MT, ,Y,75,.,74,.,90,.,88,.
JEFFERSON UNIVERSITY PHYSICIANS,7911819180,NJ,Y,Y,68,.,67,.,88,.,82,.
"KSB MEDICAL GROUP, INC.",7911890009,IL, ,Y,77,.,71,.,97,.,76,.
ATTAIN THERAPY AND FITNESS,7911979950,MA, ,Y,,.,,.,,.,,.
MEDICAL IMAGING CENTER,7911991831,NY, ,Y,,.,,.,,.,,.
DARTMOUTH HITCHCOCK BEDFORD,8022019215,NH,Y, ,,.,,.,,.,,.
INTERNAL MEDICINE PHYSICIANS INC,8022032234,UT, ,Y,,.,,.,,.,,.
"FINIZIO-RADIOLOGY IMAGING ASSOCIATES, P.C.",8022081280,MD, ,Y,,.,,.,,.,,.
"PAUL GETZ, M.D., S.C.",8022116730,IL,Y, ,,.,,.,,.,,.
EXTENDED CARE PHYSICIANS - COASTAL PA,8022181916,NC,Y, ,,.,,.,,.,,.
OPTIMED HOSPITALISTS,8022204171,NC, ,Y,,.,,.,,.,,.
"COMMUNITY CARE PHYSICIANS, PC",8022904473,NY, ,Y,,.,,.,,.,,.
KANSAS CITY INTERNAL MEDICINE PA,8022907583,KS, ,Y,,.,,.,,.,,.
MESABA CLINICS,8022920024,MN, ,Y,,.,,.,,.,,.
ST LOUIS UNIVERSITY,8022921964,MO, ,Y,54,.,57,.,98,.,67,.
LEWIN AND NADAR CARDIOLOGY ASSOCIATES,8022922202,PA, ,Y,,.,,.,,.,,.
EUREKA DIAGNOSTIC IMAGING PC,8123013208,VT, ,Y,,.,,.,,.,,.
SCOTT AND WHITE MEMORIAL HOSPITAL,8123076015,TX,Y, ,,.,,.,,.,,.
"STERN CARDIOVASCULAR FOUNDATION, INC",8123200540,MS, ,Y,,.,,.,,.,,.
WELLMONT MEDICAL ASSOCIATES INC,8123291739,TN,Y, ,,.,,.,,.,,.
SCOTT AND WHITE BONE AND JOINT INSTITUTE-BRENHAM,8123923604,TX,Y, ,,.,,.,,.,,.
DESERT OASIS HEALTHCARE,8123930427,CA,Y, ,,.,,.,,.,,.
"POTTSTOWN MEDICAL SPECIALISTS, INC",8224024096,PA, ,Y,,.,,.,,.,,.
MCLEOD PHYSICIAN ASSOCIATES II,8224031307,NC, ,Y,,.,,.,,.,,.
BERKSHIRE FACULTY SERVICES INC,8224068424,MA, ,Y,,.,,.,,.,,.
"EAST BAY RETINA CONSULTANTS, INC.",8224084405,CA,Y, ,,.,,.,,.,,.
MOUNT SINAI ELMHURST FACULTY PRACTICE GROUP,8224282926,NY, ,Y,71,.,68,.,58,.,95,.
JOHNS HOPKINS COMMUNITY PHYSICIANS,8325943707,MD, ,Y,46,.,45,.,75,.,72,.
MARYMOUNT MEDICAL CENTER PHYSICIAN SERVICES,8325948599,KY, ,Y,,.,,.,,.,,.
SANFORD USD MEDICAL CENTER,8325950215,SD,Y,Y,84,.,73,.,100,.,91,.
AFFILIATED COMMUNITY MEDICAL CENTERS,8325952823,MN, ,Y,,.,,.,,.,,.
VALLEY MEDICAL FACILITIES INC,8325956592,PA, ,Y,,.,,.,,.,,.
SUTTER EAST BAY MEDICAL FOUNDATION,8426039694,CA, ,Y,66,.,70,.,72,.,46,.
PERMIAN PREMIER HEALTH SERVICES INC,8426051293,TX, ,Y,,.,,.,,.,,.
"HOSPITALIST MEDICINE PHYSICIANS OF CALIFORNIA, INC",8426062027,CA, ,Y,,.,,.,,.,,.
"SUTTER BUTTES IMAGING MEDICAL GROUP, INC.",8426154261,CA, ,Y,,.,,.,,.,,.
INOVA HEALTH CARE SERVICES - PATHOLOGY,8426241647,VA, ,Y,,.,,.,,.,,.
"RICHMOND GASTROENTEROLOGY ASSOCIATES, INC.",8426950692,VA, ,Y,,.,,.,,.,,.
BRIGHT HEALTH PHYSICIANS OF PIH,8426951328,CA, ,Y,,.,,.,,.,,.
UNIVERSITY OF SOUTH ALABAMA HEALTH SERVICES FOUNDATION,8426957952,AL, ,Y,68,.,64,.,95,.,91,.
UT PHYSICIANS,8426960360,TX,Y,Y,61,.,59,.,74,.,87,.
SANFORD MEDICAL CENTER FARGO,8426967803,MN,Y,Y,78,.,74,.,98,.,84,.
SACRED HEART PHYSICIANS,8527016039,OR, ,Y,,.,,.,,.,,.
S.B.J.S. PC,8527043421,AL, ,Y,,.,,.,,.,,.
NORTH OTTAWA MEDICAL GROUP,8527078583,MI, ,Y,,.,,.,,.,,.
SAINT JOSEPH PRIMARY CARE ASSOCIATES,8527092345,KY, ,Y,,.,,.,,.,,.
U U ANESTHESIOLOGY DEPARTMENT SCHOOL OF MEDICINE,8527963966,UT, ,Y,,.,,.,,.,,.
WEST COUNTY RADIOLOGICAL GROUP,8527966944,MO, ,Y,,.,,.,,.,,.
OLMSTED MEDICAL CENTER,8527970060,MN, ,Y,82,.,82,.,95,.,79,.
WINONA HEALTH SERVICES,8527977420,MN, ,Y,,.,,.,,.,,.
"COGENT HEALTHCARE OF TEXAS, PA",8628076924,TX, ,Y,,.,,.,,.,,.
UNIVERSITY PHYSICIAN GROUP,8628087681,MI,Y,Y,,.,,.,,.,,.
FAIRFAX RADIOLOGICAL CONSULTANTS PC,8628970324,VA, ,Y,,.,,.,,.,,.
COVENANT MEDICAL GROUP,8628980943,WI, ,Y,,.,,.,,.,,.
METROHEALTH SYSTEM,8628982949,OH,Y,Y,,.,,.,,.,,.
OBSTETRICS AND GYNECOLOGY ASSOCIATES INC,8729049606,OH, ,Y,,.,,.,,.,,.
ANDREW S RIEMER DO PC,8729058839,MI,Y, ,,.,,.,,.,,.
SOUTH COAST PHYSICIANS,8729239371,MS,Y, ,,.,,.,,.,,.
MEMORIALCARE MEDICAL FOUNDATION,8729277314,CA, ,Y,,.,,.,,.,,.
UNIVERSITY OF PITTSBURGH PHYSICIANS,8729990239,PA,Y, ,,.,,.,,.,,.
IOWA PHYSICIANS CLINIC MEDICAL FOUNDATION,8729992318,IA,Y, ,,.,,.,,.,,.
"TERRENCE T HOPKINS MD, PA",8820094527,FL, ,Y,,.,,.,,.,,.
"WARREN CLINIC, INC",8820900293,OK,Y,Y,78,.,66,.,93,.,89,.
"THE EMORY CLINIC, INC",8820901408,GA,Y,Y,68,.,61,.,90,.,89,.
LRGHEALTHCARE,8820908189,NH, ,Y,,.,,.,,.,,.
ADIRONDACK PATHOLOGY PC,8921065293,NY, ,Y,,.,,.,,.,,.
PHYSICIAN GROUP OF LOUISIANA INC,8921147067,LA, ,Y,,.,,.,,.,,.
HEALTHTEXAS-MED PROVIDER,8921910118,TX,Y,Y,76,.,75,.,95,.,80,.
"ULTIMATE HEALTH SERVICES, INC.",8921912536,WV, ,Y,,.,,.,,.,,.
MERCY PHYSICIAN NETWORK,8921996307,MI,Y, ,,.,,.,,.,,.
PEACEHEALTH MEDICAL GROUP,9032023270,OR, ,Y,,.,,.,,.,,.
ABQ HEALTH PARTNERS LLC,9032125810,NM, ,Y,,.,,.,,.,,.
"UNIVERSITY OF FLORIDA JACKSONVILLE PHYSICIANS, INC.",9133025869,FL, ,Y,68,.,66,.,80,.,81,.
ST MARYS GOOD SAMARITAN MEDICAL GROUP,9234022567,IL, ,Y,66,.,67,.,84,.,54,.
"SAN BENITO MEDICAL ASSOCIATES, INC.",9234025578,TX, ,Y,,.,,.,,.,,.
SCRIPPS HEALTH,9234033853,CA, ,Y,,.,,.,,.,,.
FHN FAMILY HEALTHCARE CENTER,9234041682,IL, ,Y,71,.,61,.,75,.,61,.
CLOVIS PLAINS REGIONAL MEDICAL CENTER,9234041708,NM, ,Y,74,.,73,.,87,.,81,.
VPA PC,9234041948,OH, ,Y,78,.,75,.,45,.,52,.
"BOSTON UNIVERSITY MEDICAL CENTER UROLOGISTS, INC.",9234105875,MA, ,Y,,.,,.,,.,,.
GRANTS PASS CLINIC LLP,9234123977,OR, ,Y,,.,,.,,.,,.
"PROMEDICA WEST PHYSICIANS, LLC",9335044213,OH,Y, ,,.,,.,,.,,.
GEM STATE RADIOLOGY LLP,9335044833,ID, ,Y,,.,,.,,.,,.
COASTAL COMMUNITIES PHYSICIAN NETWORK,9335052737,CA,Y, ,,.,,.,,.,,.
ALLERGY CONSULTANTS,9335110949,IL, ,Y,,.,,.,,.,,.
SIERRA MEDICAL GROUP,9335185594,CA,Y, ,,.,,.,,.,,.
GREAT PLAINS FAMILY PRACTICE,9335188184,OK, ,Y,,.,,.,,.,,.
PROMEDICA HEMATOLOGY ONCOLOGY PHYSICIANS LLC,9335265594,OH,Y, ,,.,,.,,.,,.
EXCLUSIVE PHYSICIANS PLLC,9335279942,MI, ,Y,,.,,.,,.,,.
TRIMARK PHYSICIANS GROUP,9335308444,IA,Y, ,,.,,.,,.,,.
INPATIENT CONSULTANTS OF KANSAS PA,9335329556,MO, ,Y,,.,,.,,.,,.
SOUTH LANE MEDICAL GROUP,9436060530,OR, ,Y,,.,,.,,.,,.
YALE UNIVERSITY,9436061736,CT,Y, ,,.,,.,,.,,.
"INLAND PSYCHIATRIC MEDICAL GROUP, INC.",9436062312,CA,Y, ,,.,,.,,.,,.
KETCHIKAN MEDICAL CENTER,9436067618,AK, ,Y,,.,,.,,.,,.
UROPARTNERS LLC,9436182946,IL, ,Y,,.,,.,,.,,.
FAMILY WELLNESS CENTER PC,9537057377,WA, ,Y,,.,,.,,.,,.
PEACEHEALTH,9537073960,WA, ,Y,,.,,.,,.,,.
CONFLUENCE HEALTH WENATCHEE VALLEY HOSPITAL AND CLINICS,9537309869,WA, ,Y,48,.,70,.,,1,,1
"PIEDMONT HEALTHCARE, P.A.",9638070683,NC, ,Y,,.,,.,,.,,.
ST VINCENT FACULTY PRACTICE,9638072184,IN, ,Y,62,.,64,.,,1,65,.
HEALTH SERVICES OF CENTRAL GEORGIA,9638076730,GA, ,Y,,.,,.,,.,,.
OGDEN CLINIC,9638078033,UT, ,Y,73,.,77,.,56,.,58,.
GUNDERSEN CLINIC  LTD,9638082779,WI, ,Y,,.,,.,,.,,.
BAYLOR MEDICAL CENTER AT GARLAND,9638087299,TX,Y, ,,.,,.,,.,,.
HEALTHPOINT MEDICAL GROUP INC,9739086612,FL, ,Y,83,.,64,.,73,.,66,.
"ST LUKE'S WARREN PHYSICIAN GROUP, PC",9739093675,NJ, ,Y,65,.,68,.,86,.,75,.
CHRISTIANA CARE HEALTH SERVICES INC,9739097569,DE, ,Y,71,.,73,.,87,.,71,.
SANFORD BISMARCK,9739098575,ND,Y, ,,.,,.,,.,,.
THE RECOVERY PROJECT LLC.,9739154311,MI, ,Y,,.,,.,,.,,.
PREMIER MEDICAL ASSOCIATES PC,9830003235,PA, ,Y,,.,,.,,.,,.
BAYLOR UNIVERSITY MEDICAL CENTER,9830007467,TX,Y, ,,.,,.,,.,,.
WASHINGTON UNIVERSITY,9830008770,MO,Y,Y,,.,,.,,.,,.
EASTCHESTER CENTER FOR CANCER CARE,9830080951,NY, ,Y,,.,,.,,.,,.
21ST CENTURY ONCOLOGY LLC,9830082882,FL, ,Y,,.,,.,,.,,.
"AMERICAN HEALTH NETWORK OF INDIANA, LLC",9830093533,IN,Y, ,,.,,.,,.,,.
SUTTER MEDICAL FOUNDATION,9830094515,CA, ,Y,74,.,70,.,81,.,65,.
TRI-STATE DIGESTIVE DISEASE ASSOC PSC.,9830163609,KY, ,Y,,.,,.,,.,,.
"BOSTON UNIVERSITY GENERAL SURGICAL ASSOCIATES, INC.-QMC",9830183763,MA, ,Y,,.,,.,,.,,.
"VIRTUA MEDICAL GROUP, PA",9830222397,NJ,Y, ,,.,,.,,.,,.
SPUH AMB CARE GROUP,9931012382,NJ, ,Y,,.,,.,,.,,.
LIBERTY HOSPITAL PHYSICIANS,9931166618,MO, ,Y,,.,,.,,.,,.
SLRHC FACULTY PRACTICE,9931207735,NY, ,Y,68,.,71,.,73,.,58,.
ARCH HEALTH PARTNERS,9931239027,CA, ,Y,,.,,.,,.,,.
